{
  "project_info": {
    "project_number": "1093037233858",
    "project_id": "destarny-passenger-150410"
  },
  "client": [
    {
      "client_info": {
        "mobilesdk_app_id": "1:1093037233858:android:3186e1ebccc4bd6b",
        "android_client_info": {
          "package_name": "destarny.android.edz.apkdev"
        }
      },
      "oauth_client": [],
      "api_key": [
        {
          "current_key": "AIzaSyC7TuVqhCOWoE8tWDM-UQoP5S1h6pTvyyo"
        }
      ],
      "services": {
        "analytics_service": {
          "status": 1
        },
        "appinvite_service": {
          "status": 1,
          "other_platform_oauth_client": []
        },
        "ads_service": {
          "status": 1
        }
      }
    },
    {
      "client_info": {
        "mobilesdk_app_id": "1:1093037233858:android:8ed7e4d288f60276",
        "android_client_info": {
          "package_name": "com.destarny.passenger"
        }
      },
      "oauth_client": [],
      "api_key": [
        {
          "current_key": "AIzaSyC7TuVqhCOWoE8tWDM-UQoP5S1h6pTvyyo"
        }
      ],
      "services": {
        "analytics_service": {
          "status": 1
        },
        "appinvite_service": {
          "status": 1,
          "other_platform_oauth_client": []
        },
        "ads_service": {
          "status": 1
        }
      }
    }
  ],
  "configuration_version": "1"
}